"id","style"
5,"Plain"
6,"Normal"
7,"Normal"
9,"Signature Series"
10,"Signature Series"
13,""
14,"Signature Series"
16,""
18,""
19,"Collector's Edition"
21,""
22,"Signature Series"
23,""
24,""
26,"Signature Series"
27,""
29,""
32,""
37,""
38,""
39,"Signature Series"
40,""
41,"Signature Series"
42,""
43,""
44,""
45,""
47,""
48,"Signature Series"
49,"Signature Series"
50,"Signature Series"
51,""
52,""
53,""
55,""
56,""
57,""
60,""
62,""
63,"Signature Series"
66,""
71,""
73,""
76,""
77,"Signature Series"
78,""
79,"Signature Series"
80,"Signature Series"
81,""
82,"Signature Series"
83,""
84,""
85,"Signature Series"
86,""
87,""
88,"Signature Series"
89,""
90,""
91,""
92,"Signature Series"
93,""
94,""
95,""
96,""
97,""
98,""
99,"Signature Series"
100,""
101,""
102,""
103,""
104,"Signature Series"
105,"Signature Series"
106,""
107,""
108,"Signature Series"
109,""
110,""
111,""
112,""
113,"Signature Series"
114,""
115,"Signature Series"
116,""
117,"Signature Series"
118,""
119,""
120,""
121,""
122,""
123,""
124,""
125,""
126,""
127,""
128,""
129,""
130,""
131,"Signature Series"
132,"Signature Series"
133,""
134,"Signature Series"
135,""
136,""
137,"Fine Art"
138,""
139,"Fine Art"
140,""
141,""
142,"Fine Art"
143,""
144,""
145,"Fine Art"
146,"vintage"
147,"Collector's Edition"
149,"Signature Series"
150,"Signature Series"
151,"Collector's Edition"
152,"Collector's Edition"
153,"Collector's Edition"
154,"Collector's Edition"
155,"Signature Series"
156,"Signature Series"
157,"Signature Series"
158,"Collector's Edition"
159,"Signature Series"
160,"Signature Series"
161,"Signature Series"
162,""
163,"Signature Series"
164,"Signature Series"
165,"Signature Series"
166,"Collector's Edition"
167,"Signature Series"
168,"Signature Series"
169,""
170,"Signature Series"
171,""
172,"Signature Series"
173,"Signature Series"
174,"Collector's Edition"
175,"Signature Series"
176,""
177,"Signature Series"
178,"Signature Series"
179,""
180,""
181,"Signature Series"
182,"Signature Series"
183,""
184,""
185,""
186,""
187,""
188,"Signature Series"
189,"Signature Series"
191,"Signature Series"
192,"Collector's Edition"
193,"Signature Series"
194,"Signature Series"
195,"Signature Series"
196,"Signature Series"
197,"Collector's Edition"
198,"Collector's Edition"
199,"Collector's Edition"
200,"Signature Series"
201,"Signature Series"
202,"Signature Series"
203,""
205,""
206,""
207,"Collector's Edition"
208,"Signature Series"
209,"Signature Series"
210,""
211,"Signature Series"
212,""
213,""
214,"Signature Series"
215,""
216,""
217,"Signature Series"
218,""
219,""
220,"Signature Series"
221,""
222,""
223,"Signature Series"
224,"Collector's Edition"
225,""
226,""
227,""
228,"Signature Series"
229,"Signature Series"
230,"Signature Series"
231,"Signature Series"
232,"Collector's Edition"
233,"Signature Series"
234,"Signature Series"
235,""
236,"Collector's Edition"
237,""
238,""
239,""
240,""
241,""
242,""
243,""
244,""
245,""
246,""
247,""
248,""
249,"Signature Series"
250,"Signature Series"
252,""
253,"Signature Series"
254,"Signature Series"
255,""
256,"Signature Series"
257,"Signature Series"
258,"Signature Series"
259,"Signature Series"
260,"Collector's Edition"
261,"Signature Series"
262,"Signature Series"
263,"Signature Series"
264,"Signature Series"
265,"Signature Series"
266,"Collector's Edition"
267,"Collector's Edition"
268,"Collector's Edition"
270,"Signature Series"
271,"Signature Series"
272,"Signature Series"
273,""
274,"Collector's Edition"
275,"Signature Series"
276,""
277,""
278,""
279,"Signature Series"
280,"Signature Series"
281,""
282,"Signature Series"
283,""
284,""
285,""
286,""
287,"Signature Series"
288,"Signature Series"
289,"Signature Series"
290,"Signature Series"
291,""
292,""
293,""
294,"Signature Series"
296,""
297,""
298,"Signature Series"
299,""
300,"Signature Series"
301,"Signature Series"
302,""
303,"Signature Series"
304,""
305,""
306,"Signature Series"
307,"Signature Series"
308,""
309,""
310,"Signature Series"
311,""
312,""
313,"Signature Series"
314,""
315,""
316,""
317,""
318,"Signature Series"
319,"Signature Series"
320,"Signature Series"
321,""
322,"Collector's Edition"
323,"Collector's Edition"
324,""
325,""
326,""
327,""
328,""
329,""
330,""
331,""
332,"Signature Series"
333,"Signature Series"
334,"Signature Series"
335,""
336,""
337,""
338,""
339,"Signature Series"
340,"Signature Series"
341,""
342,"Signature Series"
343,"Signature Series"
344,""
345,"Signature Series"
346,""
347,""
348,""
349,"Signature Series"
350,"Signature Series"
351,"Signature Series"
352,"Signature Series"
353,""
354,"Signature Series"
355,"Signature Series"
356,""
357,""
358,""
359,"Signature Series"
360,""
361,""
362,""
363,"Signature Series"
364,"Signature Series"
365,"Signature Series"
366,"Signature Series"
368,"Signature Series"
369,"Signature Series"
370,"Signatture Series"
371,"Signature Series"
372,""
373,"Signature Series"
374,"Signature Series"
375,"Signature Series"
376,"Signature Series"
377,"Signature Series"
378,"Collector's Edition"
379,""
380,"Collector's Edition"
381,"Signature Series"
382,"Signature Series"
383,"Signature Series"
384,"Signature Series"
385,"Signature Series"
386,"Signature Series"
387,"Signture Series"
388,"Collector's Edition"
389,"Collector's Edition"
390,"Collector's Edition"
391,"Fine Art"
392,"Signature Series"
393,"Signature Series"
394,"Signature Series"
395,"Signature Series"
396,"Signature Series"
397,"Signature Series"
398,"Signature Series"
399,"Signature Series"
400,"Signature Series"
401,"Collector's Edition"
402,"Signature Series"
403,"Signature Series"
404,"Signature Series"
405,"Signature Series"
406,"Signature Series"
407,"Collector's Edition"
408,"Signature Series"
409,"Signature Series"
410,"Signature Series"
411,"Signature Series"
412,"Signature Series"
413,"Collector's Edition"
414,"Collector's Edition"
415,"Collector's Edition"
416,"Collector's Edition"
417,"Signature Series"
418,"Signature Series"
419,"Signature Series"
420,"Signature Series"
421,"Signature Series"
422,"Signature Series"
423,"Collector's Edition"
424,"Signature Series"
425,"Signature Series"
426,"Collector'e Edition"
427,"Signature Series"
428,"Signature Series"
429,"Signature Series"
430,"Signature Series"
431,"Signature Series"
432,"Collector's Edition"
433,"Collector's Edition"
434,"Collector's Edition"
435,"Signature Series"
436,"Signature Series"
437,"Collector's Edition"
438,"Signature Series"
439,"Collector's Edition"
440,"Signature Series"
441,"Signature Series"
442,"Signature Series"
443,"Collector's Edition"
444,"Signature Series"
445,"Signature Series"
446,"Signature Series"
447,"Collector's Edition"
448,"Collector's Edition"
449,"Signature Series"
450,"Signature Series"
451,"Collector's Edition"
452,"Signature Series"
453,"Collector's Edition"
454,"Signature Series"
455,"Signature Series"
456,"Collector's Edition"
457,"Collector's Edition"
458,"Signature Series"
459,"Signature Series"
460,"Signature Series"
461,"Signature Series"
462,"Collector's Edition"
463,"Collector's Edition"
464,"Collector's Edition"
465,"Fine Art Gallery"
466,"Signature Series"
467,"Signature Series"
468,"Collector's Edition"
469,"Collector's Edition"
470,"Signature Series"
475,"Signature Series"
476,"Signature Series"
477,"Signature Series"
478,"Signature Series"
479,"Collector's Edition"
480,"signature Series"
481,"Signature Series"
482,"Signature Series"
483,"Signature Series"
484,"Signature Series"
485,"Signature Series"
486,"Signature Series"
487,"Signature Series"
488,"Collector's Edition"
489,"Signature Series"
490,"Signature Series"
491,"Signature Series"
492,"Signature Series"
493,"Signature Series"
494,"Signature Series"
495,"Signature Series"
496,"Collector's Edition"
497,"Collector's Edition"
498,"Collector's Edition"
499,"Signature Series"
500,"Collector's Edition"
501,"Signature Series"
502,"Signature Series"
503,"Signature Series"
504,"Collector's Edition"
505,"Signature Series"
506,"Collector's Edition"
507,"Collector's Edition"
508,"Collector's Edition"
509,"Collector's Edition"
510,"Collector's Edition"
511,"Signature Series"
512,"Signature Series"
513,"Collector's Edition"
514,"Signature Series"
515,"Collector's Edition"
516,"Collector's Edition"
517,"Collector's Edition"
518,"Signature Series"
519,"Collector's Edition"
520,"Collector's Edition"
521,"Signature Series"
522,"Signature Series"
523,"Signature Series"
524,"Signature Series"
525,"Signature Series"
526,"Collector's Edition"
527,"Signature Series"
528,"Signature Series"
529,"Signature Series"
530,"Signature Series"
531,"Signature Series"
532,"Signature Series"
533,"Signature Series"
534,"Signature Series"
535,"Signature Series"
536,"Signature Series"
537,"Signature Series"
538,"Collector's Edition"
539,"Signature Series"
540,"Signature Series"
541,"Signature Series"
542,"Signature Series"
543,"Collector's Edition"
544,"Collector's Edition"
545,"Collector's Edition"
546,"Signature Series"
547,"Collector's Edition"
548,"Signature Series"
549,"Collector's Edition"
550,"Signature Series"
551,"Collector's Edition"
552,"Collector's Edition"
553,"Signature Series"
554,"Signature Series"
555,"Signature Series"
557,"Signature Series"
558,"Collector's Edition"
559,"Signature Series"
560,"Signature Series"
561,"Signature Series"
562,"Signature Series"
563,"Signature Series"
564,"Signature Series"
565,"Signature Series"
566,"Signature Series"
567,"Signature Series"
568,"Signature Series"
569,"Signature Series"
570,"Signature Series"
571,"Signature Series"
572,"Signature Series"
573,"Signature Series"
576,"Signature Series"
577,"Collector's Edition"
578,"Signature Series"
579,"Signature Series"
580,"Signature Series"
581,"Signature Series"
582,"Signature Series"
583,"Signature Series"
584,"Collector's Edition"
585,"Signature Series"
586,"Collector's Edition"
587,"Signature Series"
588,"Signature Series"
589,"Signature Series"
590,"Signature Series"
591,"Signature Series"
592,"Collector's Edition"
593,"Signature Series"
594,"Signature Series"
595,"Signature Series"
596,"Signature Series"
597,"Signature Series"
598,"Signature Series"
599,"Signature Series"
601,"Signature Series"
602,"Signature Series"
603,"Signature Series"
604,"Signature Series"
605,"Signature Series"
606,"Collector's Edition"
607,"Signature Series"
608,"Signature Series"
609,"Signature Series"
610,"Signature Series"
611,"Signature Series"
612,"Collector's Edition"
613,"Signature Series"
614,"Signature Series"
615,"Signature Series"
617,"Signature Series"
618,"Collector's Edition"
620,"Signature Series"
621,"Signature Series"
623,"Signature Series"
624,"Signature Series"
625,"Signature Series"
626,"Signature Series"
627,"Signature Series"
628,"Signature Series"
629,"Signature Series"
630,"Signature Series"
631,"Collector's Edition"
632,"Collector's Edition"
633,"Signature Series"
634,"Collector's Edition"
635,"Collector's Edition"
636,"Collector's Edition"
637,"Signature Series"
638,"Collector's Edition"
639,"Signature Series"
640,"Collector's Edition"
641,"Signature Series"
642,"Collector's Ediiton"
643,"Signature"
644,"Signature Series"
645,"Signature Series"
646,"Collector's"
647,"Signature"
648,"Fine Art"
649,"Collector's"
650,"Fine Art"
651,"Signature Series"
652,"Signature Series"
653,"Signature"
654,"Signature Series"
655,"Signature"
656,"Collectors"
657,"Collectors"
658,"Collectors"
659,"Collectors"
660,"Signature"
661,"Signature"
662,"Signature Series"
663,"Signature"
664,"Signature"
665,"Signature"
666,"Signature"
667,"Signature"
668,"Signature"
669,"Signature"
670,"Signature"
671,"Signature"
672,"Signature"
673,"Signature"
674,"Signature"
675,"Signature Series"
676,"Signature"
677,"Signature Series"
678,"Signature Series"
679,"Sgnature"
680,"Signature"
681,"Signature Series"
682,"Signature Series"
683,"Signature"
684,"Signature Series"
685,"Collector's Edition"
686,"Signature"
687,"Signature"
688,"Signature"
689,"Collectors"
690,"Signature"
691,"Signature Series"
692,"Signature"
693,"Collectors"
694,"Signature"
695,"Collectors"
696,"Signature"
697,"Signature"
698,"Signature"
699,"Collectors"
700,"Signature"
701,"Collectors"
702,"Signature"
703,"Signatures Series"
704,"Signature Series"
705,"Collector's Edition"
706,"Signature Series"
707,"Signature Series"
708,"Fine Art"
709,"Signature Series"
710,"Signature Series"
711,"Signature Series"
712,"Signature Series"
713,"Signature Series"
714,"Signature Series"
715,"Signature Series"
716,"Collector's Edition"
717,"Signature Series"
718,"Signature Series"
719,"Signature Series"
720,"Signature Series"
721,"Signature Series"
722,"Signature Series"
723,"Signature Series"
724,"Signature Series"
725,"Collector's Edition"
726,"Signature Series"
727,"Collector's Edition"
728,"Signature Series"
729,"Signature Series"
730,"Signature Series"
731,"Signature Series"
732,"Signature Series"
733,"Signature Series"
734,"Collector's Edition"
735,"Signature Series"
736,"Signature Series"
737,"Collector's Edition"
738,"Collector's Edition"
739,"Collector's Edition"
740,"Collector's Edition"
741,"Collector's Edition"
742,"Collector's Edition"
743,"Signature Series"
744,"Collector's Edition"
745,"Signature Series"
746,"Collector's Edition"
747,"Signature Series"
748,"Collector's Edition"
749,"Signature Series"
750,"Signature Series"
751,"Signature Series"
752,"Signature Series"
753,"Collector's Edition"
754,"Signature Series"
755,"Collector's Edition"
756,"Collector's Edition"
757,"Collector's Edition"
758,"Collector's Edition"
759,"Fine Art"
760,"Collector's Edition"
761,"Signature Series"
762,"Signature Series"
763,"Collector's Edition"
764,"Collector's Edition"
765,"Fine Art"
766,"Signature Series"
767,"Collector's Edition"
768,"Signature Series"
769,"Signature Series"
770,"Signature Series"
771,"Fine Art"
772,"Signature Series"
773,"Collector's Edition"
774,"Collector's Edition"
775,"Signature Series"
776,"Collector's Edition"
777,"Collector's Edition"
778,"Signature Series"
779,"Signature Series"
780,"Signature Series"
781,"Collector's Edition"
782,"Signature Series"
783,"Signature Series"
784,"Collector's Edition"
785,"Signature Series"
786,"Fine Art"
787,"Signature Series"
788,"Signature Series"
789,"Collector's Edition"
790,"Signature Series"
791,"Collector's Edition"
792,"Collector's Edition"
793,"Collector's Edition"
794,"Signature Series"
795,"Signature Series"
797,"Signature Series"
798,"Collector's Edition"
799,"Collector's Edition"
800,"Signature Series"
801,"Signature Series"
802,"Collector's Edition"
803,"Collector's Edition"
804,"Collector's Edition"
805,"Collector's Edition"
807,"Collector's Edition"
808,"Signature Series"
809,"Signature Series"
810,"Fine Art"
811,"Signature Series"
812,"Signature Series"
813,"Signature Series"
814,"Collectors Edition"
815,"Signature Series"
816,"Signature Series"
817,"Signature Series"
818,"Signature Series"
819,"Signature Series"
820,"Signature Series"
821,"Signature Series"
822,"Collectors Edition"
823,"Collectors Edition"
824,"Collectors Edition"
825,"Signature Series"
826,"Signature Series"
827,"Collectors Edition"
828,"Collectors Edition"
829,"Collectors Edition"
830,"Collectors Edition"
831,"Signature Series"
832,""
833,""
834,"Collectors Edition"
835,"Collectors Edition"
836,"Signature Series"
837,"Signature Series"
838,"Signature series"
839,"Collectors Edition"
840,"Collectors Edition"
841,"Collectors Edition"
842,"Collectors Edition"
843,"Collectors Edition"
844,"Signature Series"
845,"Collectors Edition"
846,"Signature Series"
847,"Signature Series"
848,"Collectors Edition"
849,"Signature Series"
850,"Collectors Edition"
851,"Signature Series"
852,"Collectors Edition"
853,"Sgnature Series"
854,"Collectors Edition"
855,"Collectors Edition"
856,"Signature Series"
857,"Collector Edition"
858,"Collectors Edition"
859,"Collectors Edition"
860,"Collectors Edition"
861,"Signature Series"
862,"Fine Art"
863,"Collectors Edition"
864,"Collectors Edition"
865,"Collectors Edition"
866,"Collectors Editions"
867,"Collectors Edition"
868,"Signature Series"
869,"Collectors Edition"
870,"Fine Art"
871,"Collectors Edition"
872,"Collectors Edition"
873,"Signature Series"
874,"Collectors Edition"
875,"Collectors Edition"
876,"Signature Series"
877,"Collectors Edition"
878,"Signature Series"
879,"Signature Series"
880,"Signature Series"
881,"Signature Series"
882,"Signature Series"
883,"Signature Series"
884,"Collectors Edition"
885,"Signature Series"
886,"Signature Series"
887,"Collectors Edition"
888,"Signature Series"
889,"Signature Series"
890,"Signature Series"
891,"Signature Series"
892,"Signature Series"
893,"Signature Series"
894,"Signature Series"
895,"Signature Series"
896,"Signature Series"
897,"Collectors Edition"
898,"Collector's Edition"
899,"Collector's Edition"
900,"Signature Series"
901,"Collector's Edition"
902,"Signature Series"
903,"Collector's Edition"
904,"Collector's Edition"
905,"Signature Series"
906,"Signature Series"
907,"Signature Series"
908,"Signature Series"
909,"Signature Series"
910,"Signature Series"
911,"Signature Series"
912,"Signature Series"
913,"Signature Series"
914,"Fine Art"
915,"Fine Art"
916,"Fine Art"
918,"Fine Art"
919,"Collector's Edition"
920,"Signature Series"
921,"Signature Series"
922,"Signature Series"
923,"Collector's Edition"
924,"Signature Series"
925,"Collector's Edition"
926,"Signature Series"
927,"Collector's Edition"
928,"Collector's Edition"
929,"Collector's Edition"
930,"Collector's Edition"
931,"Collector's Edition"
932,"Collector's Edition"
933,"Signature Series"
934,"Signature Series"
935,"Collector's Edition"
936,"Collector's Edition"
937,"Signature Series"
938,"Collector's Edition"
939,"Collector's Edition"
940,"Collector's Edition"
941,"Collector's Edition"
942,"Collector's Edition"
943,"Collector's Edition"
944,"Signature Series"
945,"Signature Series"
946,"Collector's Edition"
947,"Signature Series"
948,"Collector's Edition"
949,"Signature Series"
950,"Signature Series"
951,"Collector's Edition"
952,"Collector's Edition"
953,"Collector's Edition"
954,"Collector's Edition"
955,"Signature Series"
956,"Collector's Edition"
957,"Signature Series"
958,"Collector's Edition"
959,"Signature"
960,"Collector's Edition"
961,"Signature Series"
962,"Collector's Edition"
963,"Signature Series"
964,"Collector's Edition"
965,"Collector's Edition"
966,"Signature Series"
967,"Signature Series"
968,"Signature Series"
969,"Signature Series"
970,"Signature Series"
971,"Signature Series"
972,"Collector's Edition"
973,"Collector's Edition"
974,"Signature Series"
975,"Collector's Edition"
976,"Fine Art Series"
977,"Fine Art"
978,"Signature Series"
979,"Collector's Edition"
980,"Fine Art"
981,"Collector's Edition"
982,"Fine Art"
983,"Collector's Edition"
984,"Collector's Edition"
985,"Fine Art"
986,"Fine Art"
987,"Signature Series"
988,"Signature Series"
989,"Collector's Edition"
990,"Collector's Edition"
991,"Signature Series"
992,"Signature Series"
993,"Signature Series"
994,"Signature Series"
995,"Signature Series"
996,"Collector's Edition"
997,"Collector's Edition"
998,"Signature Series"
999,"Collector's Edition"
1000,"Signature Series"
1001,"Collector's Edition"
1002,"Collector's Edition"
1003,"Collector's Edition"
1004,"Signature Series"
1005,"Signature Series"
1006,"Collector's Edition"
1007,"Collector's Edition"
1008,"Signature Series"
1009,"Collector's Edition"
1010,"Signature Series"
1011,"Collector's Edition"
1012,"Signature Series"
1013,"Signature Series"
1014,"Collector'sEdition"
1015,"Collector's Edition"
1016,"Fine Art"
1017,"Signature Style"
1018,"Collector's Edition"
1019,"Collector's Series"
1020,"Collector's Edition"
1021,"Signature Series"
1022,"Signature Series"
1023,"Signature Series"
1024,"Collector's Edition"
1025,"Signature Series"
1026,"Collector's Edition"
1027,"Signature Series"
1028,"Signature Series"
1029,"Collector's Edition"
1030,"Collector's Edition"
1031,"Signature Series"
1032,"Collector's Edition"
1033,"Signature Series"
1034,"Signature Series"
1035,"Signature Series"
1036,"Collector's Edition"
1037,"Signature Series"
1038,"Signature Series"
1039,"Signature Series"
1040,"Collector's Edition"
1041,"Collector's Edition"
1042,"Collector's Edition"
1043,"Collector's Edition"
1044,"Collector's Edition"
1045,"Fine Art"
1046,"Fine Art"
1047,"Collector's Edition"
1048,"Collector's Edition"
1049,"Collector's Edition"
1050,"Signature Series"
1051,"Fine Art"
1052,"Fine Art"
1053,"Fine Art"
1054,"Fine Art"
1055,"Fine Art"
1056,"Collector's Edition"
1057,"Collector's Edition"
1058,"Signature Series"
1059,"Signature Series"
1060,"Signature Series"
1061,"Collector's Edition"
1062,"Collector's Edition"
1063,"Collector's Edition"
1064,"Fine Art"
1065,"Collector's Edition"
1066,"Signature Series"
1067,"Signature Series"
1068,"Signature Series"
1069,"Fine Art"
1070,"Signature Series"
1071,"Signature Series"
1072,"Signature Series"
1073,"Collector's Edition"
1074,"Collector's Edition"
1075,"Signature Series"
1076,"Collector's Edition"
1077,"Signature Series"
1078,"Collector's Edition"
1079,"Signature Series"
1080,"Signature Series"
1081,"Collector's Edition"
1082,"Signature Series"
1083,"Signature Series"
1084,"Collector's Edition"
1085,"Signature Series"
1086,"Signature Series"
1087,"Collector's Edition"
1088,"Collector's Edition"
1089,"Signature Series"
1090,"Collector's Edition"
1091,"Collector's Edition"
1092,"Collecto'r Edition"
1093,"Collector's Edition"
1094,"Signature Series"
1095,"Collector's Edition"
1096,"Collector's Edition"
1097,"Collector's Edition"
1098,"Collector's Edition"
1099,"Signature Series"
1100,"Signature Series"
1101,"Signature Series"
1102,"Signature Series"
1103,"Collector's Edition"
1104,"Collector's Edition"
1105,"Signature Series"
1106,"Collector's Edition"
1107,"Signature Series"
1108,"Collector's Edition"
1109,"Signature Series"
1110,"Signature Series"
1111,"Collector's Edition"
1112,"Signature Series"
1113,"Collector's Edition"
1114,"Collector's Edition"
1115,"Collector's Edition"
1116,"Signature Series"
1117,"Signature Series"
1118,"Collector's Edition"
1119,"Fine Art"
1120,"Collector's Edition"
1121,"Signature Series"
1122,"Fine Art"
1123,"Collector's Edition"
1124,"Collector's Edition"
1125,"Fine Art "
1126,"Signature Series"
1127,"Signature Series"
1128,"Collector's Edition"
1129,"Collector's Edition"
1130,"Collector's Edition"
1131,"Collector's Edition"
1132,"Fine Art"
1133,"Collector's Edition"
1134,"Collector's Edition"
1135,"Collector's Edition"
1136,"Fine Art"
1137,"Collector's Edition"
1138,"Fine Art"
1139,"Collector's Edition"
1140,"Signature Series"
1141,"Signature Series"
1142,"Collector's Edition"
1143,"Signature Series"
1144,"Collector's Edition"
1145,"Collector's Edition"
1146,"Collector's Edition"
1147,"Collector's Edition"
1148,"Signature Series"
1149,"Signature Series"
1150,"Signature Series"
1151,"Collector's Edition"
1152,"Signature Series"
1153,"Collector's Edition"
1154,"Signature Series"
1155,"Collector's Edition"
1156,"Signature Series"
1157,"Signature Series"
1158,"Signature Series"
1159,"Collector's Edition"
1160,"Collector's Edition"
1161,"Signature Series"
1162,"Collector's Edition"
1163,"Signature Series"
1164,"Collector's Edition"
1165,"Signature Series"
1166,"Collector's Edition"
1167,"Collector's Edition"
1168,"Signature Series"
1169,"Signature Series"
1170,"Collector's Edition"
1171,"Signature Series"
1172,"Fine Art"
1173,"Fine Art"
1174,"Fine Art"
1175,"Collector's Edition"
1176,"Collector's Edition"
1177,"Test"
1178,"Fine Art"
1179,"Fine Art"
1180,"Signature Series"
1181,"Signature Series"
1182,"Signature Series"
1183,"Collector's Edition"
1184,"Fine Art"
1185,"Collector's Edition"
1186,"Fine Art"
1187,"Collector's Edition"
1188,"Collector's Edition"
1189,"Collector's Edition"
1190,"Collector's Edition"
1191,"Signature Series"
1192,"Collector's Edition"
1193,"Collector's Edition"
1194,"Collector's Edition"
1195,"Fine Art"
1196,"Signature Series"
1197,"Signature Series"
1198,"Signature Series"
1199,"Collector's Edition"
1200,"Signature Series"
1201,"Collector's Edition"
1202,"Signature Series"
1203,"Signature Series"
1204,"Signature Series"
1205,"Collector's Edition"
1206,"Signature Series"
1207,"Signature Series"
1208,"Signature Series"
1209,"Collector's Edition"
1210,"Collector's Edition"
1211,"Signature Series"
1212,"Collector's Edition"
1213,"Collector's Edition"
1214,"Collector's Edition"
1215,"Collector's Edition"
1216,"Collector's Edition"
1217,"Collector's Edition"
1218,"Fine Art"
1219,"Signature Series"
1220,"Signature Series"
1221,"Collector's Edition"
1222,"Fine Art"
1223,"Signature Series"
1224,"Fine Art "
1225,"Fine Art"
1226,"Collector's Edition"
1227,"Signature Series"
1228,"Fine Art"
1229,"Collector's Edition"
1230,"Collector's Edition"
1231,"Fine Art"
1232,"Collector's Edition"
1233,"Signature Series"
1234,"Collector's Edition"
1235,"Signature Series"
1236,"Fine Art"
1237,"Collector's Edition"
1238,"Fine Art"
1240,"Fine Art"
1241,"Fine Art"
1242,"Collector's Edition"
1243,"Signature Series"
1244,"Fine Art"
1245,"Fine Art"
1246,"Collector's Edition"
1247,"Collector's Edition"
1248,"Collector's Edition"
1249,"Fine Art"
1250,"Fine Art"
1251,"Collector's Edition"
1253,"Fine Art Piece"
1254,"Fine Art"
1255,"Signature Series"
1256,"Collector's Edition"
1257,"Collector's Edition"
1258,"Collector's Edition"
1259,"Collector's Edition"
1260,"Collector's Edition"
1261,"Fine Art"
1262,"Visual Embrace Series"
1263,"Urn Accessories"
1264,"Urn Accessories"
1265,"Collector's Edition"
1266,"Collector's Edition"
1267,"Collector's Edition"
1268,"Collector's Edition"
1269,"Signature Series"
1270,"Signature Series"
1271,"Collector's Edition"
1272,"Signature Series"
1273,"Signature Series"
1274,"Signature Series"
1275,"Signature Series"
1277,"Collector's Edition"
1278,"Signature Series"
1279,"Collector's Edition"
1280,"Collector's Edition"
1281,"Signature Series"
1282,"Signature Series"
1283,"Collector's Edition"
1284,"Signature Series"
1285,"Collector's Edition"
1286,"Signature Series"
1287,"Collector's Edition"
1288,"Collector's Edition"
1289,"Collector's Edition"
1290,"Collector's Edition"
1291,"Signature Series"
1292,"Collector's Edition"
1293,"Signature Series"
1294,"Collector's Edition"
1295,"Signature Series"
1296,"Collector's Edition"
1297,"Signature Series"
1298,"Collector's Edition"
1299,"Collector's Edition"
1300,"Collector's Edition"
1301,"Fine Art"
1302,"Signature Series"
1303,"Collector's Edition"
1304,"Collector's Edition"
1305,"Fine Art"
1306,"Fine Art"
1307,"Fine Art"
1308,"Collector's Edition"
1309,"Fine Art"
1310,"Fine Art"
1311,"Fine Art"
1312,"Collector's Edition"
1313,"Collector's Edition"
1314,"Collector's Edition"
1315,"Collector's Edition"
1316,"Fine Art"
1317,"Signature Series"
1318,"Fine Art"
1319,"Fine Art"
1320,"Visual Embrace"
1321,"Visual Embrace"
1322,"Fine Art"
1323,"Collector's Edition"
1324,"Fine Art"
1325,"Fine Art"
1326,"Collector's Edition"
1327,"Fine Art"
1328,"Visual Embrace"
1329,"Visual Embrace"
1330,"Fine Art "
1331,"Test 101"
1332,"Collector's Edition"
1333,"Fine Art"
1334,"Fine Art"
1335,"Fine Art"
1336,"Signature Series"
1337,"Collector's Edition"
1338,"Fine Art"
1339,"Collector's Edition"
1340,"Signature Series"
1341,"Collector's Edition"
1342,"Collector's Edition"
1343,"Signature Series"
1344,"Collector's Edition"
1345,"Signature Series"
1346,"Collector's Edition"
1347,"Collector's Edition"
1348,"Signature Series"
1349,"Collector's Edition"
1350,"Collector's Edition"
1351,"Collector's Edition"
1352,"Signature Series"
1353,"Collector's Edition"
1354,"Signature Series"
1355,"Collector's Edition"
1356,"Signature Series"
1357,"Signature Series"
1358,"Fine Art"
1359,"Collector's Edition"
1360,"Fine Art"
1361,"Collector's Edition"
1362,"Signature Series "
1363,"Signature Series"
1364,"Signature Series"
1365,"Signature Series"
1366,"Fine Art"
1367,"Fine Art"
1368,"Fine Art"
1369,"Collector's Edition"
1370,"Visual Embrace"
1371,"Signature Series"
1372,"Collector's Edition"
1373,"Collector's Edition"
1374,"Fine Art"
1375,"Signature Series"
1376,"Collector's Edition"
1377,"Signature Series"
1378,"Visual Embrace"
1379,"Collector's Edition"
1380,"Collector's Edition"
1381,"Collector's Edition"
1382,"Signature Series"
1383,"Signature Series"
1384,"Collector's Edition"
1385,"Fine Art"
1386,"Collector's Edition"
1387,"Fine Art"
1388,"Fine Art"
1389,"Fine Art"
1390,"Fine Art"
1391,"Collector's Edition"
1392,"Collector's Edition"
1393,"Signature Series"
1394,"Collector's Edition"
1395,"Collector's Edition"
1396,"Fine Art"
1397,"Collector's Edition"
1398,"Signature Series"
1399,"Collector's Edition"
1400,"Collector's Edition"
1401,"Collector's Edition"
1402,"Fine Art"
1403,"Collector's Edition"
1404,"Collector's Edition"
1405,"Collector's Edition"
1406,"Collector's Edition"
1407,"Collector's Edition"
1408,"Signature Series"
1409,"Fine Art"
1410,"Signature Series"
1411,"Signature Series"
1412,"Signature Series"
1413,"Visual Embrace"
1414,"Collector's Edition"
1415,"Visual Embrace"
1416,"Signature Series"
1417,"Fine Art"
1418,"Visual Embrace"
1419,"Collector's Edition"
1420,"Collector's Edition"
1421,"Collector's Edition"
1422,"Collector's Edition"
1423,"Fine Art"
1424,"Visual Embrace"
1425,"Collector's Edition"
1426,"Signature Series"
1427,"Signature Series"
1428,"Fine Art"
1429,"Collector's Edition"
1430,"Collector's Edition"
1431,"Signature Series"
1432,"Fine Art"
1433,"Collector's Edition"
1434,"Fine Art"
1435,"Visual Embrace"
1436,"Collector's Edition"
1437,"Collector's Edition"
1438,"Collector's Edition"
1439,"Collector's Edition"
1440,"Collector's Edition"
1441,"Collector's Edition"
1442,"Signature Series"
1443,"Signature Series"
1444,"Collector's Edition"
1445,"Collector's Edition"
1446,"Signature Series"
1447,"Collector's Edition"
1448,"Collector's Edition"
1449,"Fine Art"
1450,"Fine Art"
1451,"Fine Art"
1452,"Fine Art"
1453,"Signature Series"
1454,"Collector's Edition"
1455,"Signature Series"
1456,"Signature Series"
1457,"Signature Series"
1458,"Collector's Edition"
1459,"Signature Series"
1460,"Collector's Edition"
1461,"Collector's Edition"
1462,"Collector's Edition"
1463,"Collector's Edition"
1464,"Collector's Edition"
1465,"Fine Art"
1466,"Fine Art"
1467,"Collector's Edition"
1468,"Collector's Edition"
1469,"Fine Art"
1470,"Fine Art"
1471,"Fine Art"
1472,"Fine Art"
1473,"Fine Art"
1474,"Collector's Edition"
1475,"Collector's Edition"
1476,"Collector's Edition"
1477,"Fine Art"
1478,"Signature Series"
1479,"Signature Series"
